,word,score,count,ratio
450,🤦,-117,964,-0.12136929460580913
697,😔,-85,1108,-0.07671480144404332
314,💀,-83,664,-0.125
231,♂,-67,1199,-0.05587989991659716
480,💔,-65,443,-0.14672686230248308
229,😡,-52,280,-0.18571428571428572
132,😒,-51,308,-0.16558441558441558
84,😢,-41,425,-0.09647058823529411
1110,🙄,-41,905,-0.045303867403314914
232,🤷,-40,916,-0.043668122270742356
38,🤣,-39,2965,-0.01315345699831366
935,🤬,-37,123,-0.3008130081300813
52,😐,-37,259,-0.14285714285714285
1073,😑,-36,184,-0.1956521739130435
317,😞,-31,196,-0.15816326530612246
582,🤮,-31,183,-0.16939890710382513
857,😕,-26,165,-0.15757575757575756
83,♀,-26,1187,-0.02190395956192081
1058,🙃,-24,365,-0.06575342465753424
177,🥴,-24,742,-0.03234501347708895
180,📖,-21,72,-0.2916666666666667
662,🤢,-20,237,-0.08438818565400844
744,🐍,-19,80,-0.2375
707,🎐,-18,50,-0.36
585,🖕,-18,81,-0.2222222222222222
584,😖,-17,105,-0.1619047619047619
509,😓,-16,92,-0.17391304347826086
403,🍏,-16,60,-0.26666666666666666
310,😥,-15,106,-0.14150943396226415
588,😷,-15,88,-0.17045454545454544
917,🧙,-14,48,-0.2916666666666667
742,😪,-14,161,-0.08695652173913043
293,😣,-14,148,-0.0945945945945946
59,🌲,-14,64,-0.21875
238,🥱,-14,81,-0.1728395061728395
816,💶,-13,48,-0.2708333333333333
639,🦅,-13,76,-0.17105263157894737
25,👎,-13,70,-0.18571428571428572
779,😤,-11,330,-0.03333333333333333
999,🐲,-11,37,-0.2972972972972973
129,😫,-11,265,-0.04150943396226415
898,🦠,-11,16,-0.6875
813,😠,-9,96,-0.09375
155,🤕,-9,45,-0.2
705,☠,-9,91,-0.0989010989010989
563,👻,-8,26,-0.3076923076923077
1018,🐉,-8,43,-0.18604651162790697
517,🚮,-8,16,-0.5
1096,🙅,-6,46,-0.13043478260869565
285,♦,-6,17,-0.35294117647058826
504,😹,-6,148,-0.04054054054054054
407,🤨,-6,147,-0.04081632653061224
673,🤡,-6,293,-0.020477815699658702
455,🥶,-5,59,-0.0847457627118644
571,🎃,-5,14,-0.35714285714285715
933,🗺,-5,22,-0.22727272727272727
429,🗿,-5,39,-0.1282051282051282
212,🐀,-5,14,-0.35714285714285715
960,💭,-5,33,-0.15151515151515152
699,🗣,-5,173,-0.028901734104046242
273,😰,-5,58,-0.08620689655172414
372,⬅,-5,10,-0.5
18,👹,-5,15,-0.3333333333333333
404,🧩,-4,17,-0.23529411764705882
189,⁉,-4,23,-0.17391304347826086
413,♋,-4,5,-0.8
363,😾,-4,15,-0.26666666666666666
503,😵,-4,41,-0.0975609756097561
42,⌚,-4,8,-0.5
511,👺,-3,15,-0.2
300,🛑,-3,14,-0.21428571428571427
362,👽,-3,29,-0.10344827586206896
593,☮,-3,9,-0.3333333333333333
922,🔪,-3,24,-0.125
995,🤥,-3,23,-0.13043478260869565
383,💣,-3,43,-0.06976744186046512
723,🖐,-3,28,-0.10714285714285714
1060,😨,-3,27,-0.1111111111111111
60,🧪,-3,18,-0.16666666666666666
706,🌃,-3,6,-0.5
165,🧟,-3,6,-0.5
332,🤒,-3,30,-0.1
998,👃,-3,13,-0.23076923076923078
607,♣,-3,9,-0.3333333333333333
326,🚔,-2,5,-0.4
139,🧊,-2,11,-0.18181818181818182
1133,🍥,-2,5,-0.4
16,👒,-2,19,-0.10526315789473684
589,🔘,-2,6,-0.3333333333333333
243,🗨,-2,6,-0.3333333333333333
675,🤫,-2,94,-0.02127659574468085
411,🚢,-2,4,-0.5
982,🚬,-2,10,-0.2
966,☃,-2,7,-0.2857142857142857
641,🅰,-2,11,-0.18181818181818182
984,🃏,-2,5,-0.4
1120,🕎,-2,2,-1.0
791,🔽,-2,9,-0.2222222222222222
980,🦈,-2,15,-0.13333333333333333
499,🖍,-2,4,-0.5
601,🎞,-2,6,-0.3333333333333333
409,🔨,-2,7,-0.2857142857142857
920,👾,-1,9,-0.1111111111111111
296,🛌,-1,3,-0.3333333333333333
299,↗,-1,4,-0.25
983,⛽,-1,8,-0.125
182,✳,-1,2,-0.5
702,🤾,-1,4,-0.25
645,🕯,-1,8,-0.125
649,🐂,-1,4,-0.25
622,🔜,-1,10,-0.1
208,⏱,-1,12,-0.08333333333333333
973,🆗,-1,1,-1.0
952,🦱,-1,1,-1.0
925,🤏,-1,9,-0.1111111111111111
220,🈵,-1,1,-1.0
225,🐡,-1,1,-1.0
928,🟣,-1,3,-0.3333333333333333
270,↙,-1,2,-0.5
934,💱,-1,1,-1.0
611,🌠,-1,16,-0.0625
251,🚃,-1,1,-1.0
682,🎩,-1,18,-0.05555555555555555
288,🍡,-1,3,-0.3333333333333333
301,🤰,-1,12,-0.08333333333333333
754,🩸,-1,11,-0.09090909090909091
905,🛬,-1,2,-0.5
572,🛴,-1,3,-0.3333333333333333
412,😿,-1,23,-0.043478260869565216
833,🔷,-1,4,-0.25
423,🍶,-1,1,-1.0
821,🐷,-1,24,-0.041666666666666664
567,🤚,-1,48,-0.020833333333333332
719,🥥,-1,1,-1.0
435,➖,-1,8,-0.125
807,🆒,-1,2,-0.5
716,🌋,-1,7,-0.14285714285714285
806,📟,-1,1,-1.0
551,🎒,-1,6,-0.16666666666666666
794,🐮,-1,7,-0.14285714285714285
468,🦲,-1,1,-1.0
471,📴,-1,1,-1.0
474,🏩,-1,1,-1.0
550,🦴,-1,2,-0.5
736,🖇,-1,1,-1.0
536,🀄,-1,1,-1.0
527,🌑,-1,7,-0.14285714285714285
805,🟨,-1,2,-0.5
402,❓,-1,17,-0.058823529411764705
846,🔯,-1,2,-0.5
392,🗻,-1,2,-0.5
900,🧥,-1,2,-0.5
597,📠,-1,2,-0.5
897,🔰,-1,4,-0.25
322,⌛,-1,3,-0.3333333333333333
888,😦,-1,13,-0.07692307692307693
758,◼,-1,3,-0.3333333333333333
339,🕛,-1,4,-0.25
340,🚸,-1,1,-1.0
348,🥕,-1,7,-0.14285714285714285
350,🛳,-1,1,-1.0
354,😩,-1,958,-0.0010438413361169101
871,✖,-1,6,-0.16666666666666666
365,⚓,-1,9,-0.1111111111111111
367,🐜,-1,5,-0.2
369,🍲,-1,4,-0.25
373,🍠,-1,4,-0.25
713,🥤,-1,4,-0.25
379,🐒,-1,10,-0.1
380,🏌,-1,15,-0.06666666666666667
385,🚧,-1,6,-0.16666666666666666
854,🌩,-1,1,-1.0
302,🌽,-1,6,-0.16666666666666666
878,🧾,-1,2,-0.5
652,👳,-1,2,-0.5
20,😲,-1,54,-0.018518518518518517
1132,♠,-1,11,-0.09090909090909091
1019,👷,-1,1,-1.0
162,💵,-1,23,-0.043478260869565216
1127,📵,-1,2,-0.5
9,🧵,-1,4,-0.25
65,♊,-1,5,-0.2
8,🛃,-1,1,-1.0
90,👩,-1,62,-0.016129032258064516
1050,⛄,-1,2,-0.5
91,🧽,-1,4,-0.25
1125,🦧,-1,3,-0.3333333333333333
11,🚉,-1,1,-1.0
135,🎭,-1,14,-0.07142857142857142
1103,🎪,-1,4,-0.25
127,⏸,-1,1,-1.0
145,🅿,-1,8,-0.125
41,☢,-1,4,-0.25
800,🐁,0,2,0.0
804,🎍,0,1,0.0
453,🏦,0,7,0.0
1086,🈚,0,1,0.0
441,🎡,0,4,0.0
440,⬜,0,4,0.0
810,📙,0,2,0.0
811,🏘,0,1,0.0
454,🥞,0,10,0.0
1097,🐘,0,5,0.0
175,🧷,0,1,0.0
795,⛈,0,7,0.0
459,⚒,0,13,0.0
1102,🎢,0,5,0.0
497,🔎,0,4,0.0
770,🕑,0,2,0.0
772,🏞,0,4,0.0
493,💷,0,7,0.0
492,💢,0,11,0.0
490,🔬,0,4,0.0
776,🥭,0,1,0.0
777,⚱,0,1,0.0
1101,🦿,0,2,0.0
790,🔶,0,5,0.0
62,♾,0,13,0.0
476,🚅,0,1,0.0
473,🧧,0,1,0.0
469,📼,0,2,0.0
466,🎠,0,4,0.0
73,🎚,0,2,0.0
457,⏬,0,2,0.0
76,🥾,0,1,0.0
419,🆔,0,3,0.0
78,📑,0,1,0.0
1077,🕳,0,5,0.0
377,🥯,0,1,0.0
376,🚪,0,3,0.0
97,🙍,0,2,0.0
371,🐧,0,8,0.0
370,🗯,0,3,0.0
95,🤺,0,1,0.0
101,🏓,0,1,0.0
1070,🧜,0,1,0.0
866,🚤,0,2,0.0
1066,🈺,0,1,0.0
351,🕣,0,1,0.0
872,🩱,0,1,0.0
873,ℹ,0,5,0.0
366,⛔,0,9,0.0
856,🔹,0,7,0.0
855,🏙,0,1,0.0
92,🐟,0,9,0.0
422,🔦,0,1,0.0
421,🦏,0,1,0.0
420,🕸,0,1,0.0
830,🧅,0,1,0.0
79,⏺,0,2,0.0
415,🧒,0,1,0.0
835,🟪,0,1,0.0
1082,🛐,0,5,0.0
89,🔌,0,2,0.0
401,😟,0,56,0.0
852,🥬,0,3,0.0
393,⛱,0,2,0.0
391,🈶,0,1,0.0
390,🕌,0,2,0.0
389,🔓,0,4,0.0
77,🚼,0,1,0.0
500,🍽,0,6,0.0
49,🥣,0,4,0.0
759,☂,0,2,0.0
693,💹,0,1,0.0
616,🗜,0,2,0.0
613,🔛,0,2,0.0
612,🈸,0,2,0.0
610,❇,0,4,0.0
1128,📃,0,2,0.0
703,🏐,0,7,0.0
598,⛵,0,1,0.0
594,📛,0,1,0.0
1124,🕙,0,1,0.0
591,🧇,0,1,0.0
1123,📕,0,1,0.0
26,🎰,0,2,0.0
710,🆘,0,12,0.0
580,🐪,0,3,0.0
689,🛏,0,3,0.0
579,🕶,0,8,0.0
687,🌇,0,2,0.0
6,🧻,0,4,0.0
650,🦺,0,1,0.0
653,🧎,0,1,0.0
647,🗓,0,18,0.0
1137,⏫,0,1,0.0
644,🐿,0,14,0.0
654,🪓,0,3,0.0
1136,🏕,0,1,0.0
4,📉,0,7,0.0
1135,◽,0,1,0.0
669,💬,0,5,0.0
634,⚙,0,1,0.0
633,⛓,0,4,0.0
631,🦯,0,2,0.0
671,🐃,0,3,0.0
629,▫,0,2,0.0
1134,🥏,0,2,0.0
715,👣,0,16,0.0
717,🍛,0,3,0.0
32,☯,0,5,0.0
1108,🧛,0,1,0.0
534,🧄,0,1,0.0
533,🧦,0,3,0.0
532,👡,0,3,0.0
530,🔺,0,3,0.0
747,㊗,0,1,0.0
48,🦔,0,3,0.0
526,🚦,0,6,0.0
525,🕟,0,2,0.0
522,🥒,0,9,0.0
520,🌶,0,6,0.0
753,〰,0,7,0.0
343,🦓,0,1,0.0
50,🦪,0,1,0.0
757,🔼,0,2,0.0
1109,🎦,0,1,0.0
743,🚶,0,46,0.0
45,🍘,0,2,0.0
540,💼,0,5,0.0
33,🪀,0,2,0.0
569,🟢,0,3,0.0
718,🌭,0,1,0.0
566,🔟,0,1,0.0
560,👬,0,5,0.0
729,🩰,0,4,0.0
730,🐓,0,7,0.0
501,🌥,0,1,0.0
731,🥝,0,2,0.0
553,🐌,0,3,0.0
552,🛶,0,2,0.0
548,🏄,0,7,0.0
547,♿,0,5,0.0
43,🌉,0,2,0.0
543,🛀,0,5,0.0
739,🏛,0,3,0.0
555,🔇,0,1,0.0
1062,🟡,0,4,0.0
570,🟠,0,3,0.0
1027,➰,0,2,0.0
246,↘,0,2,0.0
967,🧝,0,2,0.0
307,🍍,0,8,0.0
308,🤵,0,4,0.0
309,👝,0,1,0.0
123,🥦,0,1,0.0
248,🌓,0,3,0.0
965,👫,0,3,0.0
970,📥,0,2,0.0
159,⛺,0,2,0.0
901,💠,0,4,0.0
121,🕹,0,8,0.0
1024,🍙,0,2,0.0
119,🦒,0,3,0.0
118,👰,0,9,0.0
941,👴,0,4,0.0
250,🛢,0,3,0.0
217,🧏,0,3,0.0
147,🗒,0,1,0.0
948,🧂,0,1,0.0
227,🧍,0,2,0.0
1025,🛹,0,1,0.0
151,🧖,0,3,0.0
150,🎌,0,1,0.0
955,🚯,0,3,0.0
289,🚂,0,6,0.0
1022,🍖,0,4,0.0
951,🤼,0,1,0.0
222,🧨,0,2,0.0
1035,🔁,0,16,0.0
284,🇶,0,7,0.0
128,🧓,0,1,0.0
283,✂,0,12,0.0
239,🔍,0,4,0.0
907,🛩,0,2,0.0
218,🩲,0,1,0.0
305,🏔,0,5,0.0
205,😶,0,67,0.0
160,🤳,0,4,0.0
899,♏,0,4,0.0
323,📹,0,13,0.0
331,🥄,0,1,0.0
929,🈯,0,1,0.0
937,🔝,0,17,0.0
190,🍇,0,7,0.0
992,🕐,0,4,0.0
185,🤐,0,39,0.0
930,⏲,0,1,0.0
985,🧞,0,1,0.0
1013,🙁,0,73,0.0
879,🎄,0,1,0.0
1006,🦽,0,2,0.0
335,⚰,0,9,0.0
172,♟,0,3,0.0
1061,🦰,0,2,0.0
173,↔,0,1,0.0
261,✡,0,2,0.0
1012,🕞,0,2,0.0
194,🚓,0,4,0.0
291,🧯,0,1,0.0
938,🦇,0,20,0.0
200,➕,0,4,0.0
274,❄,0,51,0.0
201,🩺,0,2,0.0
891,📜,0,9,0.0
324,🏢,0,1,0.0
325,⤴,0,1,0.0
272,⛲,0,1,0.0
529,🕉,1,1,1.0
738,🟩,1,2,0.5
737,🏥,1,2,0.5
950,🦻,1,1,1.0
763,🌜,1,5,0.2
942,👖,1,5,0.2
149,🕒,1,1,1.0
1104,🚖,1,1,1.0
936,🦷,1,4,0.25
733,❕,1,8,0.125
502,👭,1,1,1.0
519,🔅,1,2,0.5
236,👁,1,69,0.014492753623188406
750,🎣,1,6,0.16666666666666666
542,🥑,1,7,0.14285714285714285
760,🚆,1,2,0.5
249,🛋,1,2,0.5
531,🚁,1,3,0.3333333333333333
756,🚜,1,3,0.3333333333333333
755,🚹,1,2,0.5
146,📩,1,6,0.16666666666666666
247,🤱,1,3,0.3333333333333333
1107,📔,1,2,0.5
257,🌨,1,5,0.2
940,🏨,1,3,0.3333333333333333
1106,☣,1,5,0.2
947,🏑,1,3,0.3333333333333333
259,🚒,1,2,0.5
949,🌦,1,2,0.5
945,🛡,1,6,0.16666666666666666
1105,🥢,1,2,0.5
748,🤜,1,18,0.05555555555555555
245,🐆,1,2,0.5
496,🍴,1,6,0.16666666666666666
1117,♍,1,1,1.0
604,⛏,1,2,0.5
605,🏇,1,8,0.125
606,🗑,1,21,0.047619047619047616
972,🪂,1,4,0.25
204,🍸,1,7,0.14285714285714285
202,🗞,1,2,0.5
614,🏰,1,1,1.0
10,🚺,1,3,0.3333333333333333
695,🍣,1,1,1.0
619,👱,1,4,0.25
1017,🎓,1,10,0.1
688,✉,1,7,0.14285714285714285
626,🦃,1,7,0.14285714285714285
991,👂,1,13,0.07692307692307693
167,🏝,1,14,0.07142857142857142
632,🥼,1,2,0.5
186,™,1,57,0.017543859649122806
668,🦐,1,4,0.25
665,🥅,1,7,0.14285714285714285
1014,🔻,1,7,0.14285714285714285
1002,🦚,1,3,0.3333333333333333
646,Ⓜ,1,1,1.0
1004,🚰,1,1,1.0
1138,♎,1,2,0.5
1005,🦗,1,1,1.0
971,🪕,1,1,1.0
727,👟,1,16,0.0625
17,📘,1,8,0.125
210,🍯,1,6,0.16666666666666666
37,🔋,1,3,0.3333333333333333
720,♐,1,1,1.0
36,🦆,1,2,0.5
226,⏭,1,2,0.5
1118,♑,1,1,1.0
224,🚛,1,3,0.3333333333333333
1139,🐋,1,3,0.3333333333333333
223,📒,1,2,0.5
573,🔂,1,2,0.5
574,🎿,1,3,0.3333333333333333
575,🦸,1,4,0.25
221,🍋,1,8,0.125
31,🚑,1,4,0.25
1021,🆑,1,2,0.5
262,🆓,1,3,0.3333333333333333
30,📓,1,2,0.5
29,📬,1,3,0.3333333333333333
712,🔕,1,1,1.0
1121,🕴,1,3,0.3333333333333333
27,💈,1,3,0.3333333333333333
215,🛫,1,5,0.2
157,🆕,1,14,0.07142857142857142
1020,🍈,1,3,0.3333333333333333
595,🎷,1,9,0.1111111111111111
596,🕘,1,1,1.0
1126,🥚,1,2,0.5
964,🌆,1,3,0.3333333333333333
80,↩,1,2,0.5
143,📤,1,1,1.0
1049,🕓,1,1,1.0
1048,🖌,1,1,1.0
903,🏵,1,2,0.5
847,🧔,1,4,0.25
904,🗝,1,1,1.0
841,⛪,1,17,0.058823529411764705
836,🦟,1,1,1.0
1081,🍗,1,4,0.25
1083,🐽,1,4,0.25
408,🇾,1,17,0.058823529411764705
85,🌐,1,7,0.14285714285714285
410,🧑,1,3,0.3333333333333333
82,🦝,1,3,0.3333333333333333
81,🦘,1,1,1.0
174,🪁,1,1,1.0
414,🥩,1,7,0.14285714285714285
124,🚇,1,1,1.0
417,🟦,1,4,0.25
303,🥪,1,5,0.2
125,♒,1,3,0.3333333333333333
126,👥,1,3,0.3333333333333333
498,🌗,1,2,0.5
424,🛠,1,1,1.0
829,💇,1,6,0.16666666666666666
828,🤛,1,15,0.06666666666666667
825,⚛,1,2,0.5
1047,🚌,1,6,0.16666666666666666
853,🦼,1,1,1.0
74,💏,1,6,0.16666666666666666
1079,💊,1,7,0.14285714285714285
94,🐤,1,4,0.25
875,🦑,1,2,0.5
342,♓,1,15,0.06666666666666667
877,🎛,1,1,1.0
344,📋,1,5,0.2
874,🌖,1,2,0.5
347,🦹,1,2,0.5
352,🦦,1,2,0.5
353,🏧,1,1,1.0
1067,🍮,1,3,0.3333333333333333
870,🚵,1,3,0.3333333333333333
869,🏜,1,1,1.0
868,⚖,1,4,0.25
1068,📨,1,2,0.5
1069,🌰,1,2,0.5
864,🚿,1,3,0.3333333333333333
330,👚,1,3,0.3333333333333333
329,🌯,1,4,0.25
368,🏚,1,1,1.0
100,🌛,1,4,0.25
328,🏫,1,7,0.14285714285714285
99,🍤,1,2,0.5
98,❎,1,4,0.25
651,🥟,1,1,1.0
375,🧮,1,1,1.0
378,❌,1,52,0.019230769230769232
894,🥖,1,3,0.3333333333333333
382,🕥,1,4,0.25
384,⛰,1,2,0.5
812,🚥,1,1,1.0
908,🦩,1,1,1.0
1098,🔚,1,5,0.2
799,🐈,1,13,0.07692307692307693
775,🚡,1,1,1.0
282,🛥,1,2,0.5
797,🛂,1,2,0.5
461,🧲,1,2,0.5
462,🐨,1,8,0.125
58,🖊,1,3,0.3333333333333333
463,🦜,1,6,0.16666666666666666
924,🏸,1,2,0.5
774,⚕,1,6,0.16666666666666666
138,👿,1,20,0.05
788,🧗,1,1,1.0
279,🍼,1,11,0.09090909090909091
926,👤,1,6,0.16666666666666666
1034,😗,1,66,0.015151515151515152
1099,🚽,1,4,0.25
472,⏮,1,1,1.0
927,🦕,1,5,0.2
1100,🌂,1,3,0.3333333333333333
475,🥡,1,1,1.0
1038,😧,1,20,0.05
488,🛣,1,3,0.3333333333333333
798,◻,1,1,1.0
276,🚫,1,32,0.03125
72,🌫,1,3,0.3333333333333333
444,📇,1,1,1.0
923,🏹,1,8,0.125
290,🧳,1,3,0.3333333333333333
267,🦳,1,2,0.5
1087,🦂,1,2,0.5
808,🦥,1,5,0.2
809,🧶,1,4,0.25
266,🇼,1,6,0.16666666666666666
438,🐊,1,11,0.09090909090909091
773,📰,1,12,0.08333333333333333
142,🕰,1,6,0.16666666666666666
489,🎳,1,1,1.0
1037,🎋,1,5,0.2
803,📯,1,3,0.3333333333333333
268,🟧,1,1,1.0
768,🍄,2,14,0.14285714285714285
876,🎱,2,5,0.4
1031,☹,2,205,0.00975609756097561
792,🌌,2,18,0.1111111111111111
767,🍷,2,25,0.08
667,🍉,2,20,0.1
990,👸,2,20,0.1
784,🙇,2,45,0.044444444444444446
865,📄,2,3,0.6666666666666666
1057,📶,2,3,0.6666666666666666
660,📲,2,29,0.06896551724137931
867,😼,2,22,0.09090909090909091
993,🔮,2,27,0.07407407407407407
1016,❔,2,5,0.4
1059,🤯,2,168,0.011904761904761904
1064,🍐,2,4,0.5
1065,⏪,2,3,0.6666666666666666
1042,🗳,2,7,0.2857142857142857
752,⛷,2,6,0.3333333333333333
1044,🍔,2,12,0.16666666666666666
1084,🦮,2,4,0.5
817,🔭,2,8,0.25
819,🦾,2,5,0.4
962,🧢,2,43,0.046511627906976744
914,🌕,2,7,0.2857142857142857
921,📧,2,3,0.6666666666666666
734,👛,2,4,0.5
1113,🥃,2,26,0.07692307692307693
735,🥔,2,2,1.0
802,📮,2,2,1.0
1093,💳,2,5,0.4
801,🖥,2,5,0.4
691,📗,2,4,0.5
709,🎆,2,8,0.25
1122,🐑,2,3,0.6666666666666666
834,↪,2,6,0.3333333333333333
968,🧃,2,5,0.4
838,💿,2,5,0.4
946,🗼,2,3,0.6666666666666666
704,🚘,2,5,0.4
849,🕋,2,4,0.5
746,🥍,2,4,0.5
796,🌄,2,8,0.25
700,📊,2,16,0.125
793,🇿,2,20,0.1
892,🅾,2,8,0.25
978,🕊,2,45,0.044444444444444446
1026,🐗,2,5,0.4
1063,🇻,2,6,0.3333333333333333
1140,🦶,2,4,0.5
643,💂,2,5,0.4
535,🔧,2,2,1.0
240,🙉,2,13,0.15384615384615385
216,🛍,2,8,0.25
544,👵,2,5,0.4
213,🚙,2,2,1.0
427,⚫,2,19,0.10526315789473684
554,🎎,2,3,0.6666666666666666
211,📆,2,12,0.16666666666666666
523,🐏,2,4,0.5
196,📦,2,7,0.2857142857142857
565,🗡,2,8,0.25
577,🌔,2,2,1.0
578,🥧,2,6,0.3333333333333333
583,⚜,2,26,0.07692307692307693
166,🐚,2,10,0.2
164,🧤,2,5,0.4
600,☄,2,12,0.16666666666666666
163,🐄,2,5,0.4
184,🔸,2,13,0.15384615384615385
148,🦞,2,2,1.0
513,〽,2,3,0.6666666666666666
271,📡,2,2,1.0
418,🍞,2,9,0.2222222222222222
436,🔱,2,16,0.125
416,💑,2,2,1.0
442,🚕,2,2,1.0
374,🐵,2,9,0.2222222222222222
467,📅,2,11,0.18181818181818182
470,🧰,2,3,0.6666666666666666
349,◾,2,2,1.0
269,🌵,2,6,0.3333333333333333
327,⏳,2,19,0.10526315789473684
306,🍝,2,5,0.4
487,📺,2,50,0.04
491,🌬,2,17,0.11764705882352941
494,💉,2,23,0.08695652173913043
495,🧬,2,3,0.6666666666666666
304,🐙,2,6,0.3333333333333333
287,🦎,2,4,0.5
278,⬛,2,6,0.3333333333333333
648,🥜,2,8,0.25
144,🥗,2,8,0.25
546,🔙,2,4,0.5
96,🚊,2,3,0.6666666666666666
93,🍟,2,6,0.3333333333333333
111,🍁,2,14,0.14285714285714285
86,📢,2,52,0.038461538461538464
46,▪,2,14,0.14285714285714285
28,🚴,2,6,0.3333333333333333
642,☝,2,77,0.025974025974025976
75,🦙,2,2,1.0
637,🎯,2,57,0.03508771929824561
115,🥨,2,2,1.0
116,🍎,2,26,0.07692307692307693
54,🍚,2,2,1.0
133,♉,2,5,0.4
69,🥛,2,6,0.3333333333333333
67,🍂,2,10,0.2
628,🛁,2,2,1.0
71,🕵,2,5,0.4
7,💒,2,6,0.3333333333333333
35,⛹,2,6,0.3333333333333333
14,🌡,2,4,0.5
672,🌀,3,11,0.2727272727272727
771,🍩,3,11,0.2727272727272727
318,🐅,3,6,0.5
670,👼,3,22,0.13636363636363635
919,🛸,3,10,0.3
265,💮,3,7,0.42857142857142855
906,🛰,3,4,0.75
311,🦉,3,11,0.2727272727272727
1039,🎖,3,5,0.6
316,💨,3,59,0.05084745762711865
764,🇫,3,22,0.13636363636363635
286,🔩,3,5,0.6
939,🌧,3,23,0.13043478260869565
885,🍪,3,16,0.1875
826,🐠,3,5,0.6
827,🍨,3,10,0.3
3,♨,3,9,0.3333333333333333
831,👜,3,6,0.5
433,🎗,3,5,0.6
832,🦵,3,5,0.6
439,🦀,3,9,0.3333333333333333
443,🌮,3,5,0.6
840,🙀,3,14,0.21428571428571427
447,🤭,3,243,0.012345679012345678
844,🍵,3,8,0.375
848,🖋,3,5,0.6
387,🌘,3,3,1.0
386,💴,3,5,0.6
460,🌪,3,6,0.5
34,🌒,3,4,0.75
345,👧,3,13,0.23076923076923078
881,⛅,3,5,0.6
786,🌅,3,11,0.2727272727272727
68,🎮,3,19,0.15789473684210525
785,👢,3,10,0.3
896,🗽,3,7,0.42857142857142855
514,🧸,3,16,0.1875
824,☁,3,30,0.1
192,🎻,3,10,0.3
114,🔐,3,12,0.25
590,😮,3,74,0.04054054054054054
683,💄,3,11,0.2727272727272727
969,🔑,3,12,0.25
209,🐬,3,6,0.5
1015,📽,3,14,0.21428571428571427
681,🎬,3,22,0.13636363636363635
587,🎇,3,4,0.75
728,👙,3,10,0.3
169,🏎,3,8,0.375
120,♈,3,11,0.2727272727272727
170,🕷,3,8,0.375
1001,🏂,3,5,0.6
1003,🎲,3,6,0.5
168,🎫,3,5,0.6
541,🔄,3,12,0.25
549,🐔,3,10,0.3
1046,☪,3,8,0.375
609,🏏,3,4,0.75
521,🚚,3,4,0.75
608,🥓,3,8,0.375
241,🧹,3,10,0.3
749,🔃,3,5,0.6
528,🚲,3,5,0.6
524,👪,3,3,1.0
1023,🧀,3,5,0.6
603,🥘,3,6,0.5
961,🧿,3,10,0.3
694,📀,3,6,0.5
692,🪐,3,10,0.3
1085,🥋,3,5,0.6
70,💡,3,24,0.125
568,🍅,3,9,0.3333333333333333
843,🐖,4,14,0.2857142857142857
1131,🏒,4,14,0.2857142857142857
850,📈,4,26,0.15384615384615385
388,🐛,4,9,0.4444444444444444
1011,👮,4,12,0.3333333333333333
171,🔆,4,7,0.5714285714285714
943,🧠,4,30,0.13333333333333333
858,👠,4,11,0.36363636363636365
944,🤖,4,14,0.2857142857142857
263,☎,4,8,0.5
954,😱,4,227,0.01762114537444934
64,🍿,4,15,0.26666666666666666
297,⤵,4,21,0.19047619047619047
219,⛸,4,6,0.6666666666666666
214,👓,4,5,0.8
47,🏍,4,10,0.4
1115,🔊,4,47,0.0851063829787234
21,🐸,4,21,0.19047619047619047
203,🇩,4,29,0.13793103448275862
1119,👕,4,6,0.6666666666666666
889,🐭,4,7,0.5714285714285714
197,🧼,4,10,0.4
193,🐞,4,5,0.8
255,🐕,4,19,0.21052631578947367
996,👐,4,22,0.18181818181818182
364,🍧,4,8,0.5
863,🦢,4,6,0.6666666666666666
861,🏋,4,12,0.3333333333333333
199,♻,4,9,0.4444444444444444
1040,🌾,4,15,0.26666666666666666
319,🎥,4,40,0.1
576,🐢,4,12,0.3333333333333333
465,🐴,4,11,0.36363636363636365
680,⭕,4,11,0.36363636363636365
625,🍜,4,8,0.5
686,🚩,4,20,0.2
512,🐼,4,13,0.3076923076923077
516,🐱,4,37,0.10810810810810811
658,🐣,4,13,0.3076923076923077
751,🏊,4,7,0.5714285714285714
690,👦,4,11,0.36363636363636365
434,🍭,4,18,0.2222222222222222
664,🥐,4,4,1.0
714,🏠,4,12,0.3333333333333333
558,🔞,4,23,0.17391304347826086
725,🔔,4,14,0.2857142857142857
711,🛎,4,11,0.36363636363636365
732,🐦,4,8,0.5
556,☑,5,41,0.12195121951219512
666,👗,5,8,0.625
346,🤴,5,10,0.5
1095,📻,5,17,0.29411764705882354
320,🔒,5,11,0.45454545454545453
1089,🏡,5,14,0.35714285714285715
677,💧,5,29,0.1724137931034483
679,💍,5,21,0.23809523809523808
902,🐥,5,16,0.3125
183,🔫,5,14,0.35714285714285715
684,🐎,5,14,0.35714285714285715
685,📣,5,22,0.22727272727272727
1076,🖼,5,6,0.8333333333333334
994,📝,5,13,0.38461538461538464
112,😯,5,42,0.11904761904761904
260,⏩,5,10,0.5
191,💤,5,30,0.16666666666666666
1116,🏳,5,18,0.2777777777777778
726,🦍,5,18,0.2777777777777778
244,©,5,44,0.11363636363636363
137,🌳,5,17,0.29411764705882354
122,🦌,5,5,1.0
1045,🅱,5,14,0.35714285714285715
136,☔,5,19,0.2631578947368421
911,🎹,5,17,0.29411764705882354
515,🌴,5,29,0.1724137931034483
198,🎟,5,12,0.4166666666666667
425,💅,5,74,0.06756756756756757
446,🇴,5,22,0.22727272727272727
478,🐩,5,8,0.625
22,🦖,5,7,0.7142857142857143
456,🧘,5,23,0.21739130434782608
823,🏟,5,13,0.38461538461538464
989,🎙,6,17,0.35294117647058826
893,📞,6,10,0.6
1091,🙆,6,62,0.0967741935483871
458,💻,6,24,0.25
452,⚔,6,25,0.24
851,🚗,6,9,0.6666666666666666
1043,🇨,6,58,0.10344827586206896
1080,😽,6,18,0.3333333333333333
321,🎺,6,7,0.8571428571428571
624,😸,6,19,0.3157894736842105
602,🎼,6,38,0.15789473684210525
103,🧚,6,25,0.24
275,🏖,6,15,0.4
141,🖖,6,17,0.35294117647058826
406,🕺,6,61,0.09836065573770492
623,🐹,6,12,0.5
140,🇽,6,19,0.3157894736842105
5,🍬,6,21,0.2857142857142857
627,🥊,6,25,0.24
66,⛳,6,13,0.46153846153846156
360,🌝,6,26,0.23076923076923078
887,🦄,6,21,0.2857142857142857
862,💆,6,48,0.125
787,🎸,6,31,0.1935483870967742
621,🆚,6,27,0.2222222222222222
859,🤑,7,60,0.11666666666666667
1053,🍒,7,23,0.30434782608695654
432,👆,7,44,0.1590909090909091
437,🥎,7,12,0.5833333333333334
564,🍳,7,15,0.4666666666666667
281,🍹,7,12,0.5833333333333334
818,🤸,7,24,0.2916666666666667
161,🧁,7,14,0.5
237,👄,7,48,0.14583333333333334
117,🏷,7,8,0.875
61,🍊,7,37,0.1891891891891892
822,🎾,7,12,0.5833333333333334
63,🌤,7,14,0.5
1130,🍌,7,19,0.3684210526315789
783,▶,7,44,0.1590909090909091
562,💟,7,27,0.25925925925925924
916,🚀,7,73,0.0958904109589041
277,🙊,8,73,0.1095890410958904
280,🌍,8,35,0.22857142857142856
974,🌚,8,105,0.0761904761904762
264,🐇,8,25,0.32
15,🦊,8,22,0.36363636363636365
505,🏉,8,14,0.5714285714285714
890,🌎,8,72,0.1111111111111111
630,🤎,8,17,0.47058823529411764
464,🏈,8,22,0.36363636363636365
839,🐻,8,31,0.25806451612903225
997,📱,8,15,0.5333333333333333
915,🍆,8,78,0.10256410256410256
337,✋,8,88,0.09090909090909091
57,📌,8,18,0.4444444444444444
298,🐺,8,31,0.25806451612903225
661,🤠,8,70,0.11428571428571428
24,🍺,8,29,0.27586206896551724
518,✴,8,13,0.6153846153846154
586,🥀,8,38,0.21052631578947367
1056,📍,9,40,0.225
2,⏰,9,60,0.15
620,🇭,9,41,0.21951219512195122
815,🇱,9,38,0.23684210526315788
113,🔗,9,53,0.16981132075471697
361,🍕,9,18,0.5
179,🔵,9,41,0.21951219512195122
338,😙,9,39,0.23076923076923078
195,🎨,9,18,0.5
1000,🌏,9,19,0.47368421052631576
56,💌,9,36,0.25
341,🍫,9,16,0.5625
663,👯,9,18,0.5
539,🎀,10,30,0.3333333333333333
381,🇯,10,24,0.4166666666666667
958,💩,10,81,0.12345679012345678
23,⬆,10,28,0.35714285714285715
545,🍦,10,17,0.5882352941176471
356,⚪,10,40,0.25
769,☘,10,36,0.2777777777777778
400,🧐,11,142,0.07746478873239436
789,👶,11,29,0.3793103448275862
845,🍓,11,28,0.39285714285714285
1094,🎤,11,39,0.28205128205128205
895,🐯,11,15,0.7333333333333333
87,🇰,11,28,0.39285714285714285
188,✝,11,23,0.4782608695652174
981,🌊,11,59,0.1864406779661017
1033,💁,11,83,0.13253012048192772
617,👈,12,199,0.06030150753768844
510,🐐,12,97,0.12371134020618557
1008,🤲,12,57,0.21052631578947367
292,✍,12,32,0.375
336,💲,12,33,0.36363636363636365
678,🌿,12,49,0.24489795918367346
1075,⬇,13,58,0.22413793103448276
426,😛,13,92,0.14130434782608695
765,🙋,13,106,0.12264150943396226
1029,🤪,13,406,0.03201970443349754
1078,🎧,13,35,0.37142857142857144
256,👨,13,43,0.3023255813953488
430,🦁,13,37,0.35135135135135137
397,😬,14,309,0.045307443365695796
486,📚,14,34,0.4117647058823529
708,🐝,14,33,0.42424242424242425
820,🤓,14,74,0.1891891891891892
860,🍃,14,51,0.27450980392156865
242,🌙,14,39,0.358974358974359
640,🏃,14,74,0.1891891891891892
431,🥁,15,25,0.6
181,👅,15,89,0.16853932584269662
842,✈,15,62,0.24193548387096775
1041,🍰,15,30,0.5
1088,🌱,16,53,0.3018867924528302
912,🎵,16,85,0.18823529411764706
638,😝,16,155,0.1032258064516129
134,😴,16,138,0.11594202898550725
508,💎,16,82,0.1951219512195122
254,❗,16,97,0.16494845360824742
19,⚾,16,42,0.38095238095238093
988,📷,17,58,0.29310344827586204
931,😭,17,5183,0.003279953694771368
592,🏁,17,44,0.38636363636363635
1112,®,18,87,0.20689655172413793
294,🇹,18,87,0.20689655172413793
109,😏,19,389,0.04884318766066838
559,🇦,19,88,0.2159090909090909
55,🇲,19,74,0.25675675675675674
724,📸,20,86,0.23255813953488372
740,🤙,20,115,0.17391304347826086
252,🤝,20,189,0.10582010582010581
979,💸,21,62,0.3387096774193548
814,🙈,21,271,0.07749077490774908
107,🇵,21,67,0.31343283582089554
599,🍻,22,65,0.3384615384615385
428,🇧,22,84,0.2619047619047619
359,👋,22,129,0.17054263565891473
932,🇳,22,79,0.27848101265822783
234,🇪,23,82,0.2804878048780488
156,🥵,23,223,0.1031390134529148
104,🤟,23,112,0.20535714285714285
405,🇷,23,134,0.17164179104477612
479,🍾,24,50,0.48
235,➡,24,120,0.2
88,✔,24,75,0.32
228,😜,25,264,0.0946969696969697
1129,🐶,26,78,0.3333333333333333
781,🍑,26,97,0.26804123711340205
721,😚,27,99,0.2727272727272727
477,🎶,28,222,0.12612612612612611
886,🇮,28,84,0.3333333333333333
963,🐰,29,75,0.38666666666666666
44,🏀,29,87,0.3333333333333333
976,💝,29,79,0.3670886075949367
481,‼,30,292,0.10273972602739725
1,🌼,31,63,0.49206349206349204
253,🚨,31,124,0.25
918,😻,31,99,0.31313131313131315
399,🥂,31,67,0.4626865671641791
766,💃,32,129,0.24806201550387597
355,🛒,32,133,0.24060150375939848
1111,🐾,33,80,0.4125
674,🌈,34,123,0.2764227642276423
506,💐,34,76,0.4473684210526316
987,🤧,34,288,0.11805555555555555
1090,😈,34,312,0.10897435897435898
130,🇬,35,120,0.2916666666666667
51,😆,36,401,0.08977556109725686
722,💫,36,130,0.27692307692307694
636,💦,37,205,0.18048780487804877
1055,✏,38,233,0.1630901287553648
701,⚽,39,128,0.3046875
1074,🏿,42,189,0.2222222222222222
618,☕,43,90,0.4777777777777778
396,😅,43,688,0.0625
745,🦋,44,116,0.3793103448275862
557,🌷,45,77,0.5844155844155844
782,🥉,45,56,0.8035714285714286
986,😳,45,822,0.05474452554744526
484,🍀,46,110,0.41818181818181815
445,😂,46,9435,0.004875463698993111
1072,😺,46,247,0.1862348178137652
1092,🌟,46,102,0.45098039215686275
206,🥈,48,54,0.8888888888888888
561,🌺,49,90,0.5444444444444444
507,🎁,49,67,0.7313432835820896
778,🤔,51,928,0.05495689655172414
152,👀,51,918,0.05555555555555555
153,🌞,52,107,0.48598130841121495
837,🌻,53,106,0.5
357,🏅,53,59,0.8983050847457628
158,🤤,53,294,0.18027210884353742
40,😄,54,235,0.2297872340425532
398,👊,55,210,0.2619047619047619
110,✅,58,211,0.27488151658767773
230,🤘,58,168,0.34523809523809523
959,🧡,60,142,0.4225352112676056
451,🏴,60,109,0.5504587155963303
698,🐳,61,96,0.6354166666666666
485,✊,61,254,0.24015748031496062
358,😇,62,215,0.28837209302325584
1036,🏆,62,128,0.484375
1030,💋,64,215,0.29767441860465116
207,❣,65,160,0.40625
178,🔴,67,244,0.27459016393442626
394,🙂,68,336,0.20238095238095238
910,⭐,68,207,0.3285024154589372
676,✌,69,408,0.16911764705882354
258,🎈,70,94,0.7446808510638298
884,🤍,71,225,0.31555555555555553
882,😃,73,213,0.3427230046948357
53,🌸,75,191,0.39267015706806285
482,🤞,76,252,0.30158730158730157
538,😋,77,349,0.22063037249283668
333,💥,80,304,0.2631578947368421
0,😀,82,283,0.28975265017667845
108,💘,86,188,0.4574468085106383
187,🎊,90,129,0.6976744186046512
1114,💯,91,714,0.12745098039215685
977,☀,91,179,0.5083798882681564
105,🌹,92,217,0.423963133640553
1010,🥇,93,119,0.7815126050420168
957,👑,97,237,0.4092827004219409
1009,💰,99,202,0.4900990099009901
295,🇺,101,309,0.3268608414239482
956,🇸,108,306,0.35294117647058826
334,⚡,110,247,0.44534412955465585
975,⚠,110,184,0.5978260869565217
1054,🏾,114,1172,0.09726962457337884
1028,💓,121,295,0.4101694915254237
883,😌,129,581,0.22203098106712565
312,🖤,132,430,0.30697674418604654
131,🎂,136,171,0.7953216374269005
449,👉,143,437,0.32723112128146453
233,🤩,147,421,0.3491686460807601
581,😎,154,583,0.2641509433962264
1032,🥳,155,389,0.39845758354755784
315,😉,155,698,0.22206303724928367
656,☺,159,461,0.34490238611713664
909,🏽,169,1204,0.1403654485049834
635,💞,171,358,0.4776536312849162
39,💛,184,463,0.39740820734341253
483,🏼,188,977,0.19242579324462641
953,💚,188,533,0.3527204502814259
106,🙌,200,592,0.33783783783783783
395,🤗,206,502,0.4103585657370518
537,💗,210,513,0.4093567251461988
657,😁,225,881,0.25539160045402953
913,♥,246,655,0.3755725190839695
448,💪,247,674,0.3664688427299703
615,👌,250,653,0.38284839203675347
880,🏻,267,1726,0.15469293163383546
762,🎉,274,425,0.6447058823529411
780,👇,284,520,0.5461538461538461
176,✨,285,751,0.3794940079893475
659,👏,294,761,0.38633377135348224
761,😘,320,869,0.36823935558112775
1071,💖,336,756,0.4444444444444444
1052,💙,337,900,0.37444444444444447
741,👍,420,1254,0.3349282296650718
313,🔥,452,1798,0.25139043381535037
154,😊,515,1135,0.45374449339207046
1051,💕,515,1159,0.4443485763589301
12,🙏,516,1465,0.35221843003412967
13,🥰,570,1428,0.39915966386554624
696,💜,692,1825,0.37917808219178084
1007,😍,885,2406,0.36783042394014964
102,🥺,1015,3669,0.2766421368220223
655,❤,1709,4075,0.41938650306748465
